symbol,address,price_usd,multiplier,phantom_raw,graduation_raw
CRM,0xd95B44124e475743a7589e68F3D74008A5536D44,250.54,1,15965514000000000000,39913786000000000000
P,0x1Cdad396DB64BDa184d5182A97Dd9B3C62100b7D,97.61,1,40979408000000000000,102448520000000000000
CIEN,0x44f6D488021f8233B9416294d1FE9b1fEe28382d,340.5,1,11747430000000000000,29368576000000000000
ON,0xbBD09F72b025360FeE5C928053Dca6248d35be54,66.6,1,60060060000000000000,150150150000000000000
APLD,0xb8DBf92F9741c9ac1c32115E78581f23509916FD,24.39,1,164001640000000000000,410004100000000000000
AEHR,0x5F604fBA1162193A4388A5DFa56F556f3E133cC2,84.25,1,47477745000000000000,118694362000000000000
TEAM,0x5B97476b922F3305131B8f0B9D333172E87f4aaE,190.28,1,21021652000000000000,52554131000000000000
QBTS,0xC583c60aeF9Dc401Da72cEC1B404743a93cea1Cc,16.27,1,245851260000000000000,614628150000000000000
FIX,0x93Dbb1d2Dc5D63F4abACFF30485273f538Df68Ac,1587.35,1,2519923000000000000,6299808000000000000
MTSI,0xC93f4d80e268AB922e871bd169156C3CC41894e6,251.75,1,15888779000000000000,39721946000000000000
SMCI,0xc01aA1fECeC0605b13bc84874ff7256C0f5F562a,36.85,1,108548168000000000000,271370421000000000000
DELL,0x941AE714EC6D8130c7B75d67160Ca08f1e7d11Dd,563.29,1.0000637086201245,7100686000000000000,17751714000000000000
MXL,0x48961813349333209994750ffA89b3c5C22eC969,69.51,1,57545677000000000000,143864192000000000000
RUN,0x756Bc80af765C82da966a788858d65aDF14f3793,8.27,1,483675937000000000000,1209189843000000000000
WDAY,0x82DA4646242e1D962e96e932269Dc644c94a9CaA,187.76,1,21303792000000000000,53259480000000000000
SPCX,0x4a0E65A3EcceC6dBe60AE065F2e7bb85Fae35eEa,150.88,1,26511135000000000000,66277837000000000000
GLXY,0x2D427692E928fa156ec22acfaBaFA0447C5805B7,22.27,1,179613830000000000000,449034576000000000000
CRWD,0xea72Ecca2d0f6bFA1394DBBCff85b52CD4233931,241.36,4,4143189000000000000,10357971000000000000
AVGO,0x156E175DD063a8cE274C50654eF40e0032b3fbcF,339.51,1,11781685000000000000,29454213000000000000
SPY,0x117cc2133c37B721F49dE2A7a74833232B3B4C0C,754.05,1,5304688000000000000,13261720000000000000
CCL,0x9651342CeA770aE9a2969Ba2A52611523146aef9,22.35,1.0214864448552063,175206356000000000000,438015889000000000000
GLD,0xC9a981FEE1F9DEc688bb123ccDeCc63D0deBFC4e,391.74,1,10210854000000000000,25527135000000000000
SNOW,0xBa0CAB75495255d0cB58E22B648bFED4ECD1F47E,331.02,1,12083862000000000000,30209655000000000000
FICO,0xa48F22A46C0F1C46CA7D111CB6c137c271987180,991.35,1,4034902000000000000,10087255000000000000
PR,0x4189F0c66EBBB0bfeF1C31f763131361EF32f77C,22.95,1.0044779422922294,173514949000000000000,433787373000000000000
QQQ,0xD5f3879160bc7c32ebb4dC785F8a4F505888de68,704.72,1,5676013000000000000,14190033000000000000
WYFI,0x9e7ABD3C9139D14E4c86DcE0e455AAB7A0C2FB3E,17.26,1,231749710000000000000,579374276000000000000
NNE,0xBEF75684C43c4ea7BD18Dd532a2244674Ee8b926,15.64,1,255754476000000000000,639386189000000000000
GE,0x63b814DDBd6BF339f25Fed8c36158a008D5B373e,312.9,1,12783637000000000000,31959092000000000000
SNAP,0xF6589F11Bc40b669e584073F428B05562F568733,5.72,1,699300699000000000000,1748251748000000000000
SKHY,0x84CAb63bc87912E71ad199ff14A0bA45de68FeF8,174.87,1,22874135000000000000,57185338000000000000
CBRS,0x5c90450Bbb4273D7b2f17CF6917AEB237A569679,190.47,1,21000683000000000000,52501706000000000000
FUTU,0xeB30663bDFf0622Ef4e4E5cBb4E975F19f33f51D,109.82,1,36423238000000000000,91058095000000000000
TSM,0x58FfE4a942d3885bAa22D7520691F611EF09e7AA,417.72,1.0014630241596905,9561803000000000000,23904508000000000000
NU,0x408c14038a04f7bD235329E26d2bf569ee20e250,13.81,1,289645185000000000000,724112962000000000000
INTC,0xc72b96e0E48ecd4DC75E1e45396e26300BC39681,101.05,1,39584364000000000000,98960910000000000000
MSFT,0xe93237C50D904957Cf27E7B1133b510C669c2e74,490.3,1.000412952576206,8154903000000000000,20387257000000000000
RCAT,0xFDE6b5d9BB419B10C23268c74e369AbFF39C0460,7.095,1,563777308000000000000,1409443270000000000000
RGTI,0x284358abc07F9359f19f4b5b4aC91901Be2597Ba,14.79,1,270453009000000000000,676132522000000000000
TTWO,0x5e81213613b6B86EaB4c6c50d718d34359459786,211.81,1,18884850000000000000,47212124000000000000
META,0xc0D6457C16Cc70d6790Dd43521C899C87ce02f35,673.31,1,5940800000000000000,14852000000000000000
VICR,0x6006ed4B2F94110851ff7509D97D034f0EeD9226,183.91,1,21749769000000000000,54374422000000000000
TSEM,0x89776d4Cd68193597A2fC132cfaC1fDe36CCeA8a,202.2,1,19782394000000000000,49455984000000000000
RDDT,0x05b37Fb53A299a1b874A619e1c4C404D52C36F4C,157.6,1,25380711000000000000,63451777000000000000
GLW,0x7c04E6A3368F2A1DE3874f0e80d2e0A1a9915da6,144.16,1,27746948000000000000,69367370000000000000
UPS,0xf23250dac154D05Bb671CB0d0eBEf3c635c79CE2,98.77,1.0022087249692058,40408875000000000000,101022187000000000000
PANW,0xB039597eD45CBa7B6E2fb9E8BE51802969CEe5Be,375.65,1,10648210000000000000,26620524000000000000
LHX,0x48d60243c66437c6ac3c2495Be94747aEd5Dfe25,250.74,1,15952780000000000000,39881949000000000000
FLY,0x03BC731Ffb162cdd7B98D3C6542bFC291126075d,20.28,1,197238659000000000000,493096647000000000000
SNDK,0xB90A19fF0Af67f7779afF50A882A9CfF42446400,1519.97,1,2631631000000000000,6579077000000000000
BA,0x4D21483a44Bf67a86b77E3dA301411880797D452,201.96,1,19805902000000000000,49514755000000000000
INTU,0x56d23beE5f41A7120170b0c603Dae30128e460e9,318.13,1,12573476000000000000,31433691000000000000
ELF,0x39EC44Bee4F6A116c6F9B8De566848a985C53C60,93.41,1,42821968000000000000,107054919000000000000
AMZN,0x12f190a9F9d7D37a250758b26824B97CE941bF54,245.96,1,16262807000000000000,40657017000000000000
NFLX,0xE0444EF8BF4eD74f74FD73686e2ddF4C1c5591E8,76.41,1,52349169000000000000,130872922000000000000
CRCL,0xdF0992E440dD0be65BD8439b609d6D4366bf1CB5,80.45,1,49720323000000000000,124300808000000000000
USAR,0xd917B029C761D264c6A312BBbcDA868658eF86a6,15.1,1,264900662000000000000,662251656000000000000
VST,0x561e2a49212b7cCF47f2744Ccb83e200722fADBc,140.39,1,28492058000000000000,71230145000000000000
CSCO,0xF543967EEBB6f1917992eF0E68De63ab07a5a0dA,107.74,1,37126415000000000000,92816039000000000000
FISV,0x9ECe29A4A2397C0a35fb5fA8EE2b9509130a98cc,49.45,1,80889788000000000000,202224469000000000000
GOOGL,0x2e0847E8910a9732eB3fb1bb4b70a580ADAD4FE3,342.87,1.0001939244141125,11663967000000000000,29159918000000000000
BB,0x48E39E56aCdbA37b09020C0b734A613C9a2f100A,7.64,1,523560209000000000000,1308900524000000000000
CVNA,0xa4f319104089FE321dc8093C6E707d4fE190A988,65.4,1,61162080000000000000,152905199000000000000
AXTI,0x141eEa040c2250eEc0314e336975e81f85f6585e,64.3,1,62208398000000000000,155520995000000000000
MOD,0xc6Cbad1016b38B797610c25E1dc7D95988B1f362,181.18,1,22077492000000000000,55193730000000000000
LULU,0x4e62068525Ab11FE768e29dfD00ef909B9803016,95.98,1,41675349000000000000,104188373000000000000
LMT,0x329fcACEb9AD6F9580DD5F643fed0646900D043c,537.25,1,7445323000000000000,18613309000000000000
INFQ,0xB853bC83a753342a4f8320ea680b4B1E84118D21,12.84,1,311526480000000000000,778816199000000000000
SGOV,0x92FD66527192E3e61d4DDd13322Aa222DE86F9B5,100.55,1.005101770003215,39579279000000000000,98948198000000000000
OUST,0x40E7a279850e443f582059ae5dC1c3b6563E6395,33.99,1,117681671000000000000,294204178000000000000
IREN,0xF0AB0c93bE6F41369d302e55db1A96b3c430212D,42.62,1,93852651000000000000,234631628000000000000
MRNA,0x43B07D15cE533bEc5476d70C22a78a1B2B662155,145.62,1,27468754000000000000,68671886000000000000
LRCX,0x57b0030166DB0C31690d1A5aA167e2e26e2C29a4,269.23,1,14857185000000000000,37142963000000000000
BND,0x2F62fC9fAbb470C690f141c28340eD832bB27020,71.11,1,56250879000000000000,140627197000000000000
CEG,0xaE517A2903E68bd929Dfd15be875F8369D53e94a,259.53,1,15412476000000000000,38531191000000000000
ALAB,0x748c32c3ca24eDf31ea597Db1F3d330a7a6DA3Dc,269.18,1,14859945000000000000,37149863000000000000
TEM,0xB1CC0EC7Db69Cf43539119814df40071b9d61793,69.97,1,57167357000000000000,142918394000000000000
BULL,0xceF9027c7d6985b85f0BA431125073529A947A68,7.69,1,520156047000000000000,1300390117000000000000
UNH,0xcF364ea52787e289De6F32077834056E3E70D6A8,375.26,1.0042415010397021,10614256000000000000,26535640000000000000
CLOV,0x62200915e7DEab1eC7f79fb246daDbB80eACdDd0,4.56,1,877192982000000000000,2192982456000000000000
BABA,0xad25Ac6C84D497db898fa1E8387bf6Af3532a1c4,107.27,1,37289084000000000000,93222709000000000000
SIMO,0x77E655E37F4d913fB9540e0d541D824171a60e81,241.14,1,16587874000000000000,41469686000000000000
WDC,0xF52597345A8Edf418bc4071b4a35112472277D3e,416.97,1.0002175652505239,9590930000000000000,23977324000000000000
CLSK,0xcBB95BBF36099d34dA091dc6Fa6F49EfA257Cee3,12.79,1,312744332000000000000,781860829000000000000
PLTR,0x894E1EC2D74FFE5AEF8Dc8A9e84686acCB964F2A,174.34,1,22943673000000000000,57359183000000000000
MU,0xfF080c8ce2E5feadaCa0Da81314Ae59D232d4afD,926.55,1.0000748232191712,4316767000000000000,10791918000000000000
ASTS,0x1AF6446f07eb1d97c546AFC8c9544cBDF3AD5137,59.27,1,67487768000000000000,168719420000000000000
POWL,0x237c16D66590F67B886d978ACD362EAeaD8B18c7,177.71,1,22508581000000000000,56271453000000000000
VTI,0x0594134DF3f171a354D9C85eBD65b7A6148F6D09,371.26,1,10774121000000000000,26935301000000000000
RKLB,0x3b14C39E89D60D627b42a1A4CA45b5bb45Fc12e2,63.7,1,62794349000000000000,156985871000000000000
TER,0x2778C5024D5cA2CdB0f8eAD671ffc69963AdCD9C,341.15,1,11725048000000000000,29312619000000000000
CRWV,0x5f10A1C971B69e47e059e1dC91901B59b3fB49C3,83.35,1,47990402000000000000,119976005000000000000
CLS,0xBf449977089c718C004a66C554B26B94ef3Ad4De,323.83,1,12352160000000000000,30880400000000000000
FIG,0x41F4267525a8AFf329540eF24fD83d9044758B33,23.06,1,173460538000000000000,433651344000000000000
AMD,0x86923f96303D656E4aa86D9d42D1e57ad2023fdC,512.5,1,7804878000000000000,19512195000000000000
EWY,0x7f0aBeF0C07280F82c6a08ead09dEd6BAE2C13Fc,175.54,1,22786829000000000000,56967073000000000000
SLS,0x285b231728c7E4333799183DF1094d775246a535,11.66,1,343053173000000000000,857632933000000000000
CRDO,0x4D67253bc223e6b0e104F1084c1fb2b669dDC41b,161.49,1,24769336000000000000,61923339000000000000
SMH,0x072f979c2CAc8e1391B0162a87Fee094bF8744a0,545.56,1,7331916000000000000,18329790000000000000
VRT,0xFA78C12E6488814A0262E4e802749a4a737d5fB7,239.41,1.0001627888920521,16705020000000000000,41762551000000000000
NOW,0x0C3260aF4B8f13a69c4c2dFb84fD667890CDFa14,139.82,1,28608211000000000000,71520526000000000000
XLK,0x15Cd20759CE7F3285c29A319dE2D1A2e098c6f43,183.93,1,21747404000000000000,54368510000000000000
AMBA,0x99D9D8663545151603863C5AcbD6FC3218899009,62.77,1,63724709000000000000,159311773000000000000
NVDA,0xd0601CE157Db5bdC3162BbaC2a2C8aF5320D9EEC,213.9,1.0007751591646306,18685843000000000000,46714607000000000000
JOBY,0xb334C5cE741B80B5B671F47F5C269Cb193fe8E24,6.08,1,657894737000000000000,1644736842000000000000
QUBT,0x59818904ab4cE163b3cE4FfB64f2D6Ca02c434B4,8,1,500000000000000000000,1250000000000000000000
USO,0xa30FA36Db767ad9eD3f7a60fC79526fB4d56D344,156.17,1,25613114000000000000,64032785000000000000
PWR,0x9Ab02Ead789b6903c3c44d0ED32F9c707CDF12FD,619.28,1,6459114000000000000,16147785000000000000
F,0x25C288E6D899b9BC30160965aD9644c67e73bE0C,13.35,1.0001455028661341,299581878000000000000,748954695000000000000
ZS,0x7dc013eB55e436f30d7ED1AFE4E36d6e45e3c3f7,191.58,1,20879006000000000000,52197515000000000000
COIN,0x6330D8C3178a418788dF01a47479c0ce7CCF450b,164.51,1,24314631000000000000,60786578000000000000
XOM,0xf9B46d3D1B22199D4D1025a9cEDB540A33F1a2d5,163.32,1.0010395637646619,24466361000000000000,61165902000000000000
NBIS,0x9D9c6684F596F66a64C030B93A886D51Fd4D7931,209.37,1,19104934000000000000,47762335000000000000
SHY,0xBE274710Bf3d9567e1B290eF6a5F9f90ca016FD8,81.24,1,49236829000000000000,123092073000000000000
SMR,0x1Eebee7F74517e0279dFb09d25B0407bEEc3FDd6,8.3,1,481927711000000000000,1204819277000000000000
SOUN,0x6E3Dfd9f7e1649BaA14D25cac18C94d62dB10A54,5.93,1,674536256000000000000,1686340641000000000000
POET,0xcf6B2D875361be807EAfa57458c80f28521F9333,7.4,1,540540541000000000000,1351351351000000000000
APP,0xA249BAF1063Af884807C1E1400AEf7784836917E,326.56,1,12248898000000000000,30622244000000000000
AAOI,0x521Cf887E6531c6F667b5BC4D896E5d9bfE8EB2E,96.74,1,41347943000000000000,103369857000000000000
LITE,0x8eF20885F94e3D9bc7eB3080279188Bd5ED7c08C,919.4,1,4350663000000000000,10876659000000000000
AEIS,0xfAf9cb261B5FCC1f404Bb10CD39C5c6C1974E612,252.22,1,15859171000000000000,39647926000000000000
KTOS,0x7FD06a4d81cCfA3F351394E144d5191874C31313,47.59,1,84051271000000000000,210128178000000000000
AMAT,0x36046893810a7E7fCE501229d57dc3FC8c8716d0,415.38,1.0000446563026366,9629307000000000000,24073267000000000000
MRVL,0x62fd0668e10D8B72339BE2DCF7643001688ff13B,229.71,1,17413260000000000000,43533150000000000000
JBL,0xEAf2512dFC1bEAc608F8794B3793CD4E02894Aa6,297.24,1,13457139000000000000,33642848000000000000
LLY,0x8005d266423c7ea827372c9c864491e5786600ea,1137.82,1.0000022887743756,3515486000000000000,8788716000000000000
QCOM,0x0f17206447090e464C277571124dD2688E48AEA9,184.84,1,21640338000000000000,54100844000000000000
JNJ,0x03DfbBE0AC4E7bCDaFd08eD41A400326B77D8c80,267.28,1.000021490286702,14965258000000000000,37413144000000000000
KSS,0x12e3c047bf9AeCAF9dDC98c05C31BFD1dd043993,16.46,1.0046100687323167,241898198000000000000,604745496000000000000
ANET,0x28bABD556b60E53663B8615036479a29c2CDd1Bf,197.54,1,20249063000000000000,50622659000000000000
CTSH,0x63D5a3b6939a33f1e75d8Bcd85759858239600DB,61.85,1,64672595000000000000,161681487000000000000
PL,0xAA4d64474c172010aB57719cb9951E6142a100d3,16.02,1,249687890000000000000,624219725000000000000
IONQ,0x558378E000D634A36593E338eBacdd6207640EfE,36.84,1,108577633000000000000,271444083000000000000
TE,0xb1969f6604CA1AE7a2cD3F1827876e914594CA2D,4.09,1,977995110000000000000,2444987775000000000000
SHOP,0xF53F66751B1Eff985311b693531E3290F600c410,129.96,1,30778701000000000000,76946753000000000000
NVTS,0xbE6702d7b70315376dC48a3293f24f0982F86386,10.48,1,381679389000000000000,954198473000000000000
PATH,0xfb2664f07B6Aadd29ea7a59D8859b1AeB8645cDa,13.63,1,293470286000000000000,733675715000000000000
UMC,0x0E6e67Ba88e7b5d9B67636A215c76779B948dE79,22.53,1,177541056000000000000,443852641000000000000
ORCL,0xb0992820E760d836549ba69BC7598b4af75dEE03,143.16,1.0022109149710134,27879127000000000000,69697818000000000000
COHR,0x92F9F459F1a9a5AD266b182BE7Bffd1C6c666894,289.93,1,13796434000000000000,34491084000000000000
GEV,0x94B8AAE43A1cCc08Aa64B7D1F29b4D920aF4a0C9,925.09,1,4323904000000000000,10809759000000000000
AUR,0x373C06c4f7BDe527D7Dae4BA169E42b55E393CeD,6.36,1,628930818000000000000,1572327044000000000000
IBM,0x980dcf6766FA79f5Cf0c4AAdb3ab477ff15a9619,237.49,1,16842814000000000000,42107036000000000000
NAVN,0xf7181b63Fdb858558A74ba96BC42732684cd7965,22.53,1,177541056000000000000,443852641000000000000
INOD,0xf1953DAB6FaD537488d5A022361FfAa8B4c95eC6,55.41,1,72189136000000000000,180472839000000000000
AAPL,0xaF3D76f1834A1d425780943C99Ea8A608f8a93f9,332.41,1.0005660800610925,12026524000000000000,30066311000000000000
AMC,0x05a3d1Cd21d0C88145E82600E62e7E496e0F222B,2.66,1,1503759398000000000000,3759398496000000000000
RIVN,0xB1BF26c1D20ff267A4f93550d1E0d06ac40a114B,15.23,1,262639527000000000000,656598818000000000000
GME,0x1b0E319c6A659F002271B69dB8A7df2F911c153E,21.98,1,181983621000000000000,454959054000000000000
MPWR,0x52D50D0280AD1054b43f052bD70a49a212A1b128,1147.61,1,3485505000000000000,8713762000000000000
PENG,0x9b23573b156B52565012F5cE02CDF60AFBaa70Be,48.24,1,82918740000000000000,207296849000000000000
NET,0x116F00968269B7bfbaD4109cE591d6E74c0601d4,324.65,1,12320961000000000000,30802403000000000000
SCHD,0xd63ABB2C13d7a8421a8017a712802053568e3C1D,33.84,1,118203310000000000000,295508274000000000000
LUNR,0xa5D4968421bA94814Be3B136b15cf422101aC1a3,13.87,1,288392213000000000000,720980534000000000000
MSTR,0xec262a75e413fAfD0dF80480274532C79D42da09,126.18,1,31700745000000000000,79251862000000000000
ABCL,0x3139D77Ace0cbAA5bDfD38bD1F1911a794AF0B0e,11.67,1,342759212000000000000,856898029000000000000
AXON,0xC27dBD474aF5181c5A8777903690D8D262D12648,468.42,1,8539345000000000000,21348363000000000000
TSLA,0x322F0929c4625eD5bAd873c95208D54E1c003b2d,358.08,1,11170688000000000000,27926720000000000000
EWT,0x1c690498150252222C275A5CEd69d3A6b1f52D5E,108.4,1,36900369000000000000,92250923000000000000
FTNT,0x3FB8976980d486084b2eb4a404BD12e72823958f,171.77,1,23286953000000000000,58217384000000000000
HPE,0x59dd09d4900C2E4B5F75b7c0d4E6796fcc234Cb1,56.68,1.001716957939305,70450669000000000000,176126673000000000000
VSAT,0x26dCbfb34FC83CAbD6990f449674efDc6097fF85,70.95,1,56377731000000000000,140944327000000000000
ADBE,0x232B8ed6377BE97813853B0Ac104c4Cda8378d1B,250.5,1,15968064000000000000,39920160000000000000
XNDU,0xA8eB3BCcbf2017eE7CBfb652eB51CF2E1B153289,7.5,1,533333333000000000000,1333333333000000000000
DDOG,0x27c99fBde9D0d2AA4f4Bfb4943f237843DdF6958,230.79,1,17331773000000000000,43329434000000000000
RDW,0x92Ef19E82bD8fF36661DE838D5eaE7e5CEF0EfFE,10.79,1,370713624000000000000,926784059000000000000
BE,0x822CC93fFD030293E9842c30BBD678F530701867,270.02,1,14813718000000000000,37034294000000000000
DJT,0x1D11f0496982706C5e14A514D4E79F2e6BdE4516,8.55,1,467836257000000000000,1169590643000000000000
OKLO,0x8B2f88497f15A18E9D4FFa1a8fFB8538399aE774,35.62,1,112296463000000000000,280741157000000000000
ZM,0x44c4F142009036cF477eD2d09932051843137CF1,91.94,1,43506635000000000000,108766587000000000000
FLNC,0x282e87451E10fA6679BC7D76C69BE44cD3fC777C,9.05,1,441988950000000000000,1104972376000000000000
SLV,0x411eFb0E7f985935DAec3D4C3ebaEa0d0AD7D89f,57.05,1,70113935000000000000,175284838000000000000
SOFI,0x98E75885157C80992A8D41b696D8c9C6Fb30A926,16.84,1,237529691000000000000,593824228000000000000
DOCN,0xc02f12B9fe9E707079EC0d546f3050d3F6C1F8bD,123.76,1,32320621000000000000,80801551000000000000
WULF,0x348Be1A8663f15edDe5CDf8A96BB69078f7aB6Fd,15.39,1,259909032000000000000,649772580000000000000
COST,0x4EA005168D7F09a7A0Ba9D1DEf21a479950E44C2,893.74,1.0006120402962597,4472837000000000000,11182092000000000000
TTD,0x0b5fb4031cae9163db10B169Ee72685F0EdC8545,14.49,1,276052450000000000000,690131125000000000000
HWM,0xAEa445c5F3DB1a462998ccC422A875A361ee5d99,227.73,1,17564660000000000000,43911650000000000000
HIMS,0xCceE82fE024c36fA15E1005edE3E9e4787e23D09,28,1,142857143000000000000,357142857000000000000
CELH,0x8cF07C5A878945185d327aAa6e33FAa95F95e7bF,28.25,1,141592920000000000000,353982301000000000000
RBLX,0xF0C4BF4C582cb3836e98394b1d4e7B7281101bE8,47.43,1,84334809000000000000,210837023000000000000
SPMO,0xAd622320e520de39e72d41EF07438C3Fd3354875,143.66,1,27843519000000000000,69608799000000000000
AMKR,0xDd356AA38F40A7b7076755aC854B6FBb1F0D305B,46.28,1,86430424000000000000,216076059000000000000
ONTO,0x8ff63eAeEe3fE54Ba450c4F5538064Ec5A893Aef,243.64,1,16417665000000000000,41044164000000000000
SOXX,0x75742c18BC1f1C5c5f448f4C9D9C6F66dafAAa38,502.06,1.000450838210426,7963585000000000000,19908962000000000000
ASML,0x47F93d52cBeC7C6D2CfC080e154002370a60dAEA,1602.22,1.0001013232514178,2496283000000000000,6240708000000000000
HII,0xEB61c0Ed490A367d4E3631cCf8a74B3bfc7E775D,278.09,1,14383833000000000000,35959581000000000000
AVAV,0xF6290b5e7C26502e2dA514C31509849718EA76A5,156.45,1,25567274000000000000,63918185000000000000
INDA,0xACEF2e09adb47aD6aBeBAD9fF06689E60615C2B6,47.46,1,84281500000000000000,210703751000000000000
MDB,0xDdf2266b79abf0B48898959B0ed6E6adf512be74,376.34,1,10628687000000000000,26571717000000000000
PFE,0x7066A64c24e4206CD62E83bf198c1E7EB361F51e,27.46,1,145666424000000000000,364166060000000000000
KLAC,0x96b933C74eCB4A0926b9210cef7b743EF46be2E9,167.36,1,23900574000000000000,59751434000000000000
IBRX,0x7c148F74ac7445D1F28366b7FcDC6792a9Fcd0Cf,7.91,1,505689001000000000000,1264222503000000000000
